<?xml version="1.0"?>
<!--
/**
* Copyright 2018 aheadWorks. All rights reserved. 
*  See LICENSE.txt for license details.
*/
-->

<config xmlns:xsi="http://www.w3.org/2001/XMLSchema-instance" xsi:noNamespaceSchemaLocation="urn:magento:framework:Event/etc/events.xsd">
    <event name="aheadworks_shopbybrand_api_data_brandinterface_save_before">
        <observer name="legacy_model_aheadworks_shopbybrand_brand_before_save" instance="Magento\Framework\EntityManager\Observer\BeforeEntitySave" />
    </event>
    <event name="aheadworks_shopbybrand_api_data_brandinterface_save_after">
        <observer name="legacy_model_aheadworks_shopbybrand_brand_after_save" instance="Magento\Framework\EntityManager\Observer\AfterEntitySave" />
    </event>
    <event name="aw_sitemap_items_init">
        <observer name="aheadworks_shopbybrand_add_sitemap_items" instance="Aheadworks\ShopByBrand\Observer\AddSitemapItemsObserver" />
    </event>
    <event name="catalog_block_product_list_collection">
        <observer name="aheadworks_shopbybrand_change_sort_products" instance="Aheadworks\ShopByBrand\Observer\CatalogBlockProductCollectionObserver" />
    </event>
</config>
