<?xml version="1.0"?>
<!--
/**
* Copyright 2018 aheadWorks. All rights reserved. 
*  See LICENSE.txt for license details.
*/
-->

<requests xmlns:xsi="http://www.w3.org/2001/XMLSchema-instance"
          xsi:noNamespaceSchemaLocation="urn:magento:framework:Search/etc/search_request.xsd">
    <request query="catalog_view_container" index="catalogsearch_fulltext">
        <dimensions>
            <dimension name="scope" value="default"/>
        </dimensions>
        <queries>
            <query xsi:type="boolQuery" name="catalog_view_container" boost="1">
                <queryReference clause="must" ref="id"/>
            </query>
            <query xsi:type="filteredQuery" name="id">
                <filterReference clause="must" ref="id_filter"/>
            </query>
        </queries>
        <filters>
            <filter xsi:type="termFilter" name="id_filter" field="entity_id" value="$entity_id$"/>
        </filters>
        <aggregations>
            <bucket name="price_bucket" field="price" xsi:type="dynamicBucket" method="$price_dynamic_algorithm$">
                <metrics>
                    <metric type="count"/>
                </metrics>
            </bucket>
            <bucket name="category_bucket" field="category_ids" xsi:type="termBucket">
                <metrics>
                    <metric type="count"/>
                </metrics>
            </bucket>
        </aggregations>
        <from>0</from>
        <size>10000</size>
    </request>
</requests>
